{"doc":"emma","tokens":[26,4,12,12,0,26],"logits":[[1.0249581529966016,-0.5181770915872232,-0.03495672128315669,0.022251234441642075,0.00824952239256406,-1.5034950392584405,-1.421324878376942,-0.8432780243461264,-0.6858938461500693,0.46113995783026285,0.5587678526035025,0.009491520330206624,0.43874509513570636,-0.3463021455327784,-0.8834729197199321,-1.3945574304302,-4.6428411883575675,-0.27682961397356454,0.32262873025988265,-0.34456989076219907,-2.2053045837883163,-1.1773788866597692,-1.9637010888196804,-2.7166392682737364,-1.1074617174120007,-0.2970116204984833,-2.501624886779638],[0.4300010122368594,-1.301307724393831,-0.904653711063691,0.4146802682166048,-0.0805842285230921,-2.985657830358949,-2.302086912338945,-1.672680806571102,-0.6714325435753818,-1.6079667800025015,-0.10602021105658713,2.0049791612900485,0.4956940847444526,1.1036152992523287,-0.697230635870366,-2.9274240755770546,-6.910212125117803,1.1717212780258137,-0.0006470008293318202,-1.468375582957674,-2.289825053993953,-0.6926606150378873,-2.553567450578877,-2.3681178940061867,-0.2496715428827447,-0.6229079908196151,-1.0948211751482668],[1.6204774421031027,-1.5986887179185019,-1.8215165564131224,-1.467897380451189,1.452946121915273,-3.3707748031743696,-2.608457043402386,-1.2908779491005227,1.6331548913726952,-3.586722532006032,-2.3788707824065773,-0.905680670643207,-1.4718723713073465,-1.1523696977663638,0.4260993994383877,-3.938863911080982,-6.759133401433054,0.2413461724302716,-1.3352863070172016,-1.5533074065872317,-0.9082830581872127,-2.1259793967112106,-3.0607923033475504,-4.0534478548202335,0.7338303421276479,-1.1007128087003653,-0.8830639837747971],[1.7035608594973088,-1.7202906963344484,-1.9102278269982698,-1.047549685517097,1.3845393258485648,-2.9208080920345916,-2.6328253496410157,-1.4158250644941557,1.8129053831179662,-3.406473770384392,-2.239139055161716,-0.5948529527628801,-1.6295182100280765,-1.0422426433163954,0.19952278792138414,-3.9596179919770305,-6.205485334427229,-0.1368276938436697,-1.336228898680024,-1.2074584298321864,-1.0041228247810008,-2.2995991613994073,-3.1357733142468325,-3.7917881552157007,0.6515665902772433,-0.9383971173558081,-0.38528908311503546],[-0.6980699153942418,-0.7545837963500104,-1.857827332313786,-1.0179736552648906,-0.43255457586233054,-3.754758906450689,-2.96025150057388,0.43581372784164246,0.015098815252128833,-2.7942722046516257,-1.6892647997327228,0.3236342097449952,-1.0666389319396559,1.9173739450644842,-1.5412139153202289,-3.3058255377527663,-7.285990229577602,0.8540566481895641,-0.35594373520677347,-0.4588516498322609,-2.399601886738289,-1.5256745933280043,-2.607790627734874,-3.0215619753929963,-0.03215578809212863,-1.9305522501502321,1.3286591563740868],[1.5282299430640458,-1.869762405714142,-1.4933897374493914,-0.740074808713634,0.33121543882420856,-3.6054307329979065,-2.611700178301562,-0.8715733718049175,-0.6003537959301506,-1.5340346346585392,-0.8543999866945801,-0.13930486586177265,-1.0625964420616458,0.2160775965784196,-0.8254350684193759,-3.3347394857762724,-7.443914998756245,-0.7019391397793252,-0.395139043277599,-0.823642926086277,-2.7139094230289538,-2.748820592875304,-3.312625989192086,-4.460207029787021,-1.1262363353919218,-1.615279493017627,-0.7403086230106581]]}