{"doc":"emma","tokens":[26,4,12,12,0,26],"logits":[[-0.40821625471596173,0.37048675273542925,0.007364232447656896,-0.04333628221220495,0.36751669855075425,-0.2926226543088588,-0.07913912546565895,0.2534152881396841,-0.22941583540374155,-0.06739698489972137,-0.1236868159577133,-0.13353189038185082,-0.8780679979467364,0.14448516140338463,0.4159992927953688,-0.5044943914504098,-0.4379835775322397,-0.4673000377103877,0.256916525286018,-0.023816610448911646,0.0825646282531476,-0.10727480827018158,-0.5143333504051266,-0.08569047939960171,0.3790957708366568,0.1944451192548714,0.20438525695231727],[-0.058127779344573166,-0.024114355234966495,-0.15445210192434577,0.589528375987554,0.32326118911832014,-0.2575689268747091,0.001122659613647633,-0.270532019490432,-0.06244909464573782,-0.7469151437352284,-0.09226191434712205,-0.3381703488006653,-1.3115039680085272,0.2763019142381547,0.04853706938438841,-0.20921225344013128,0.018772410349238614,-0.05382998651664443,-0.3967238294785101,-0.2259910988561981,-0.12513703849906221,-0.1483506375959677,-0.3681313941194669,-0.49038996665979634,0.15345773928904832,-0.030378221930461434,0.15962162771664246],[-0.1320443508401798,-0.061362740358810654,0.38040750725078093,-0.4920950483087979,0.6723003283418989,-0.4575005892684051,0.5067664959598905,0.1222099436613897,0.1173387022678049,-0.14135012911584943,-0.42781833355704735,-0.162826492336824,-0.4286723703776133,0.33246519443279987,0.5382517913625303,-0.622325087503193,0.11055648727349185,0.012477735957389116,-0.23315551716718616,-0.39366401542666973,-0.547274969444126,-0.23898823594788218,-0.6658898520023654,-0.3005242169085786,0.14822731169392184,0.19129473848862066,0.22151866260919806],[-0.27714047531768093,-0.2544108859223803,0.12821487309229382,0.017932658597890366,0.5943826465879558,-0.6764933073804753,0.25546849877345895,0.21338677555061045,0.2678640070910051,-0.21917955926188626,0.2087531963537678,0.004577585582287019,0.25977526907468346,0.5419416723490397,0.3646972141221731,-0.5980363671831569,-0.38353038788745963,0.20573733461700383,-0.34511253705331596,0.09041142790665782,-0.3307716012989724,-0.11747717832633613,-0.24147455156723446,-0.2980152241911391,0.15361399066363407,0.4935119758087059,0.3320494344872301],[-0.19158176550275913,-0.03316512058007379,-0.352464446363183,0.13353988333973316,0.12254950305544238,-0.8141643914746503,0.13387728588721795,-0.1298407270162554,0.020121872017220637,-0.565870183002574,-0.7013893765549695,-0.2850895006940799,-0.8593895794177292,0.4284634108004594,0.04392505341992196,-0.9357900402356332,-0.20830642603794614,-0.25363980230262595,-0.5036538388736443,-0.19993800882561472,0.5538419517478843,0.3002685005695432,-0.779312600582694,-0.08989105828490532,-0.04874085758826191,-0.5145790328936892,0.3420740525875588],[-0.49221710190253265,-0.11106198297227532,0.14701269295308123,-0.11339839724786305,0.507311010147556,-0.4618936628578286,0.5758200152463862,0.246454686386898,0.13781959447694797,-0.12076948425509607,-0.26150217213192983,-0.23429905042845894,-0.4454550077817552,0.24623984970786245,0.22690189991488022,-0.9560320310200968,-0.19034849933480075,-0.40758554634589605,-0.08497309249979125,-0.4400821134796053,0.3087612808458611,0.16097042842188192,-0.6390118920765974,0.09732990322588185,-0.00928902626297214,-0.02793845503714428,-0.35917271700089476]]}