{"doc":"emma","tokens":[26,4,12,12,0,26],"logits":[[0.004672150870404124,0.23893370562835137,0.5427393807458798,-0.4774374941353985,0.3506727149458194,-0.007489175923170041,-0.0753996659172516,0.17804521053652556,0.03749227900355962,0.43885563636769087,0.45944460664209064,0.3839562116931216,-0.3505202376471032,0.08480164237680178,0.6743234081198664,-0.09427786135225498,0.022368188896042585,-0.5364918679753163,0.551658883365332,-0.06448593156812066,0.3059985124584071,-0.1518428311150492,-0.06835113212479513,0.3685106199964406,-0.1678910280071813,0.47675347918273314,0.03726284503597272],[0.11769409172406674,0.17805989501066266,0.17655213290976043,0.6813940279613667,0.31990171239696036,0.15427174946163125,0.13928911786487225,-0.2897593786702367,0.012098562483748175,-0.48976373529206313,0.23718379724963207,-0.1453741562819154,-0.8422069822427447,0.02306123114964559,0.23430575217435629,0.517082829857397,0.37433988243378236,0.19262488364698568,-0.1552497414177524,0.008730713851268754,-0.4623768624750806,-0.13672165008129458,0.04647190766645286,-0.3687992646651926,0.13949842282630615,0.251286068894672,-0.25692500263162515],[0.16290183393654106,0.011668677959128806,0.5822746332008667,-0.5817692761105633,0.6627581734028893,-0.05181449303489982,0.5000747233823639,-0.23791423500286782,0.18721659547243158,0.0026058290940670706,-0.11402155308962222,0.1387176302658217,-0.21523888592390433,0.1981499341826698,0.4872440370507056,-0.09969316491034595,0.588851480004738,-0.06587015433926438,-0.026921725494104487,-0.3807196102300456,-0.41944734768796416,-0.33003883214107155,-0.32925298091176547,0.018165846224079657,0.10161548096599884,0.3185463799193012,0.08913215345256967],[-0.08045986598831249,-0.22543904793474218,0.2778647922413997,0.05833495280288176,0.1371150199847631,-0.3923746037762181,0.21862391899703426,0.25070902454588706,0.23013300851515212,0.03681543057379185,0.5451944663107653,0.29918640983683503,0.6886151755088027,0.33311859685314965,0.22446990059721122,-0.10605193445534965,-0.3620250965121448,0.06710802460434356,-0.14885302567112985,0.16719839025638708,-0.19768702258088242,-0.2083121279176381,0.12153241908672828,-0.2083372983425173,0.055764247265310304,0.48133237888098623,0.294118038280016],[0.0011379472081067717,0.3099162035819801,-0.07729416366135566,0.0008809545548001396,0.02722050488906473,-0.49920432206959964,0.08577912703691308,-0.13463233740512048,0.061177493205891074,-0.27841210953381,-0.5711371053670236,-0.033489424121110015,-0.6321412468684461,0.23911595147371512,0.23283639150343355,-0.31978064609437457,0.09809893879348544,-0.20562631186110122,-0.2203710135256555,-0.023683000754487024,0.4111640880430313,0.2611996305024402,-0.4712950533671877,0.14912563547229296,0.13878916104022165,-0.35450398078450696,0.23369944244538543],[-0.2131049955678249,0.004919032728227513,0.4905083986296435,-0.26916657103167246,0.4469996864928758,-0.11948578963138376,0.4268558916399694,0.15887078680997643,0.1778658586721595,0.30578752105136264,0.18374708654949115,0.2310458727061754,-0.0874696055048139,0.12099483743695794,0.28130569240927267,-0.5176436208094763,0.12097919108058922,-0.6477460090183236,0.33227182236715547,-0.30059222305382377,0.463375063157441,0.1872860818118196,-0.28244644221343745,0.4049096809960797,-0.13704941549405628,0.197860118692887,-0.2783953985939471]]}